<?xml version="1.0" encoding="utf-8"?>
<!--
This XML file declares which signature|privileged permissions should be granted to privileged
applications in /product GMS or Google-branded devices.
It allows additional grants on top of privapp-permissions-platform.xml
-->
<permissions>
    <privapp-permissions package="com.google.android.apps.nbu.files">
        <permission name="android.permission.PACKAGE_USAGE_STATS"/>
    </privapp-permissions>

    <privapp-permissions package="com.google.android.apps.messaging">
        <permission name="android.permission.CONNECTIVITY_USE_RESTRICTED_NETWORKS"/>
        <permission name="android.permission.MODIFY_PHONE_STATE"/>
        <permission name="android.permission.QUERY_USERS"/>
        <permission name="android.permission.READ_PRIVILEGED_PHONE_STATE"/>
        <permission name="android.permission.READ_PRECISE_PHONE_STATE"/>
        <permission name="android.permission.READ_SYSTEM_GRAMMATICAL_GENDER"/>
        <permission name="android.permission.SATELLITE_COMMUNICATION"/>
        <permission name="android.permission.START_FOREGROUND_SERVICES_FROM_BACKGROUND"/>
        <permission name="android.permission.SCHEDULE_EXACT_ALARM"/>
    </privapp-permissions>

    <privapp-permissions package="com.google.android.apps.restore">
        <permission name="android.permission.BACKUP"/>
        <permission name="android.permission.MANAGE_USB"/>
        <permission name="android.permission.MANAGE_USERS"/>
        <permission name="android.permission.MANAGE_WIFI_NETWORK_SELECTION"/>
        <permission name="android.permission.OVERRIDE_WIFI_CONFIG"/>
        <permission name="android.permission.READ_PRIVILEGED_PHONE_STATE"/>
        <permission name="android.permission.SUBSTITUTE_NOTIFICATION_APP_NAME"/>
        <permission name="android.permission.WRITE_EMBEDDED_SUBSCRIPTIONS"/>
        <permission name="android.permission.WRITE_SECURE_SETTINGS"/>
    </privapp-permissions>

    <privapp-permissions package="com.google.android.apps.safetyhub">
        <permission name="android.permission.ACCESS_CONTEXT_HUB"/>
        <permission name="android.permission.CALL_PRIVILEGED"/>
        <permission name="android.permission.CAPTURE_AUDIO_OUTPUT"/>
        <permission name="android.permission.CONTROL_INCALL_EXPERIENCE"/>
        <permission name="android.permission.MANAGE_USERS"/>
        <permission name="android.permission.MODIFY_PHONE_STATE"/>
        <permission name="android.permission.READ_PRIVILEGED_PHONE_STATE"/>
        <permission name="android.permission.RECEIVE_EMERGENCY_BROADCAST"/>
        <permission name="android.permission.SCHEDULE_EXACT_ALARM"/>
        <permission name="android.permission.START_ACTIVITIES_FROM_BACKGROUND"/>
        <permission name="android.permission.WRITE_SECURE_SETTINGS"/>
    </privapp-permissions>

    <privapp-permissions package="com.google.android.as">
        <permission name="android.permission.ACCESS_CONTEXT_HUB"/>
        <permission name="android.permission.ACCESS_ULTRASOUND"/>
        <permission name="android.permission.BLUETOOTH_PRIVILEGED"/>
        <permission name="android.permission.CAPTURE_AUDIO_HOTWORD"/>
        <permission name="android.permission.CAPTURE_AUDIO_OUTPUT"/>
        <permission name="android.permission.CAPTURE_MEDIA_OUTPUT"/>
        <permission name="android.permission.CAPTURE_VOICE_COMMUNICATION_OUTPUT"/>
        <permission name="android.permission.CONTROL_INCALL_EXPERIENCE"/>
        <permission name="android.permission.EXEMPT_FROM_AUDIO_RECORD_RESTRICTIONS"/>
        <permission name="android.permission.LOCATION_HARDWARE"/>
        <permission name="android.permission.MANAGE_CLOUDSEARCH"/>
        <permission name="android.permission.MANAGE_SOUND_TRIGGER"/>
        <permission name="android.permission.MANAGE_MUSIC_RECOGNITION"/>
        <permission name="android.permission.MANAGE_UI_TRANSLATION"/>
        <permission name="android.permission.MODIFY_AUDIO_ROUTING"/>
        <permission name="android.permission.MODIFY_PHONE_STATE"/>
        <permission name="android.permission.MONITOR_DEFAULT_SMS_PACKAGE"/>
        <permission name="android.permission.PACKAGE_USAGE_STATS"/>
        <permission name="android.permission.READ_OEM_UNLOCK_STATE"/>
        <permission name="android.permission.REQUEST_NOTIFICATION_ASSISTANT_SERVICE"/>
        <permission name="android.permission.SET_SYSTEM_AUDIO_CAPTION"/>
        <permission name="android.permission.START_ACTIVITIES_FROM_BACKGROUND"/>
        <permission name="android.permission.SUBSTITUTE_NOTIFICATION_APP_NAME"/>
        <permission name="android.permission.SYSTEM_CAMERA"/>
        <permission name="android.permission.UPDATE_DEVICE_STATS"/>
        <permission name="android.permission.WRITE_SECURE_SETTINGS"/>
    </privapp-permissions>

    <privapp-permissions package="com.google.android.as.oss">
        <permission name="android.permission.READ_RESTRICTED_STATS"/>
    </privapp-permissions>

    <privapp-permissions package="com.android.vending">
        <permission name="android.permission.ALLOCATE_AGGRESSIVE"/>
        <permission name="android.permission.BACKUP"/>
        <permission name="android.permission.BATTERY_STATS"/>
        <permission name="android.permission.CHANGE_COMPONENT_ENABLED_STATE"/>
        <permission name="android.permission.CHANGE_DEVICE_IDLE_TEMP_WHITELIST"/>
        <permission name="android.permission.CHANGE_OVERLAY_PACKAGES"/>
        <permission name="android.permission.CLEAR_APP_CACHE"/>
        <permission name="android.permission.CONNECTIVITY_INTERNAL"/>
        <permission name="android.permission.DELETE_PACKAGES"/>
        <permission name="android.permission.DUMP"/>
        <permission name="android.permission.FORCE_STOP_PACKAGES"/>
        <permission name="android.permission.GET_ACCOUNTS_PRIVILEGED"/>
        <permission name="android.permission.GET_APP_OPS_STATS"/>
        <permission name="android.permission.INSTALL_PACKAGES"/>
        <permission name="android.permission.INTERACT_ACROSS_USERS"/>
        <permission name="android.permission.LOADER_USAGE_STATS"/>
        <permission name="android.permission.MANAGE_CLOUDSEARCH"/>
        <permission name="android.permission.MANAGE_ROLLBACKS"/>
        <permission name="android.permission.MANAGE_USERS"/>
        <permission name="android.permission.PACKAGE_USAGE_STATS"/>
        <permission name="android.permission.PACKAGE_VERIFICATION_AGENT"/>
        <permission name="android.permission.READ_PRIVILEGED_PHONE_STATE"/>
        <permission name="android.permission.READ_RUNTIME_PROFILES"/>
        <permission name="android.permission.READ_SYSTEM_GRAMMATICAL_GENDER"/>
        <permission name="android.permission.REAL_GET_TASKS"/>
        <permission name="android.permission.REBOOT"/>
        <permission name="android.permission.SEND_DEVICE_CUSTOMIZATION_READY"/>
        <permission name="android.permission.SEND_SAFETY_CENTER_UPDATE"/>
        <permission name="android.permission.SEND_SMS_NO_CONFIRMATION"/>
        <permission name="android.permission.SET_PREFERRED_APPLICATIONS"/>
        <permission name="android.permission.START_ACTIVITIES_FROM_BACKGROUND"/>
        <permission name="android.permission.STATUS_BAR"/>
        <permission name="android.permission.SUBSTITUTE_NOTIFICATION_APP_NAME"/>
        <permission name="android.permission.UPDATE_DEVICE_STATS"/>
        <permission name="android.permission.WRITE_SECURE_SETTINGS"/>
        <permission name="com.android.permission.USE_INSTALLER_V2"/>
        <permission name="android.permission.OVERRIDE_COMPAT_CHANGE_CONFIG_ON_RELEASE_BUILD"/>
        <permission name="com.google.android.settings.setup.dock.RUN_DOCK_SETUP"/>
    </privapp-permissions>

    <privapp-permissions package="com.google.android.apps.actionsservice">
        <permission name="android.permission.CALL_PRIVILEGED"/>
        <permission name="android.permission.CAPTURE_AUDIO_HOTWORD"/>
        <permission name="android.permission.MEDIA_CONTENT_CONTROL"/>
    </privapp-permissions>

    <privapp-permissions package="com.google.android.apps.assistant">
        <permission name="android.permission.CALL_PRIVILEGED"/>
        <permission name="android.permission.MEDIA_CONTENT_CONTROL"/>
    </privapp-permissions>

    <privapp-permissions package="com.google.android.apps.carrier.carrierwifi">
        <permission name="android.permission.READ_PRIVILEGED_PHONE_STATE"/>
        <permission name="android.permission.MODIFY_PHONE_STATE"/>
        <permission name="android.permission.NETWORK_CARRIER_PROVISIONING"/>
        <permission name="android.permission.WIFI_UPDATE_USABILITY_STATS_SCORE"/>
        <permission name="android.permission.INTERACT_ACROSS_USERS"/>
        <permission name="android.permission.LOCATION_HARDWARE"/>
        <permission name="android.permission.CHANGE_COMPONENT_ENABLED_STATE"/>
        <permission name="android.permission.MANAGE_WIFI_NETWORK_SELECTION"/>
    </privapp-permissions>

    <privapp-permissions package="com.google.android.apps.gcs">
        <permission name="android.permission.CONTROL_VPN"/>
        <permission name="android.permission.GET_APP_OPS_STATS"/>
        <permission name="android.permission.INTERACT_ACROSS_USERS"/>
        <permission name="android.permission.OVERRIDE_WIFI_CONFIG"/>
        <permission name="android.permission.PACKET_KEEPALIVE_OFFLOAD"/>
        <permission name="android.permission.READ_PRIVILEGED_PHONE_STATE"/>
        <permission name="android.permission.SCORE_NETWORKS"/>
        <permission name="android.permission.UPDATE_APP_OPS_STATS"/>
    </privapp-permissions>

    <privapp-permissions package="com.google.android.apps.searchlite">
        <permission name="android.permission.CALL_PRIVILEGED"/>
        <permission name="android.permission.MEDIA_CONTENT_CONTROL"/>
        <permission name="android.permission.SCHEDULE_EXACT_ALARM"/>
    </privapp-permissions>

    <privapp-permissions package="com.google.android.apps.setupwizard.searchselector">
        <permission name="android.permission.INTERACT_ACROSS_USERS"/>
        <permission name="android.permission.MANAGE_USERS"/>
        <permission name="android.permission.START_FOREGROUND_SERVICES_FROM_BACKGROUND"/>
        <permission name="android.permission.WRITE_SECURE_SETTINGS"/>
    </privapp-permissions>

    <privapp-permissions package="com.google.android.apps.turbo">
        <permission name="android.permission.ACCESS_AMBIENT_LIGHT_STATS"/>
        <permission name="android.permission.BATTERY_PREDICTION"/>
        <permission name="android.permission.BATTERY_STATS"/>
        <permission name="android.permission.BRIGHTNESS_SLIDER_USAGE"/>
        <permission name="android.permission.CHANGE_APP_IDLE_STATE"/>
        <permission name="android.permission.CHANGE_APP_LAUNCH_TIME_ESTIMATE"/>
        <permission name="android.permission.CONFIGURE_DISPLAY_BRIGHTNESS"/>
        <permission name="android.permission.DUMP"/>
        <permission name="android.permission.PACKAGE_USAGE_STATS"/>
        <permission name="android.permission.POWER_SAVER"/>
        <permission name="android.permission.SUBSTITUTE_NOTIFICATION_APP_NAME"/>
    </privapp-permissions>

    <privapp-permissions package="com.google.android.apps.wellbeing">
        <permission name="android.permission.ACCESS_AMBIENT_CONTEXT_EVENT"/>
        <permission name="android.permission.ACCESS_INSTANT_APPS"/>
        <permission name="android.permission.CONTROL_DISPLAY_COLOR_TRANSFORMS"/>
        <permission name="android.permission.CONTROL_DISPLAY_SATURATION"/>
        <permission name="android.permission.INTERACT_ACROSS_PROFILES"/>
        <permission name="android.permission.MODIFY_DAY_NIGHT_MODE"/>
        <permission name="android.permission.MODIFY_PHONE_STATE"/>
        <permission name="android.permission.MODIFY_QUIET_MODE"/>
        <permission name="android.permission.OBSERVE_APP_USAGE"/>
        <permission name="android.permission.PACKAGE_USAGE_STATS"/>
        <permission name="android.permission.READ_DREAM_STATE"/>
        <permission name="android.permission.READ_WALLPAPER_INTERNAL"/>
        <permission name="android.permission.REAL_GET_TASKS"/>
        <permission name="android.permission.SCHEDULE_EXACT_ALARM"/>
        <permission name="android.permission.SET_WALLPAPER_COMPONENT"/>
        <permission name="android.permission.SET_WALLPAPER_DIM_AMOUNT"/>
        <permission name="android.permission.START_ACTIVITIES_FROM_BACKGROUND"/>
        <permission name="android.permission.START_TASKS_FROM_RECENTS"/>
        <permission name="android.permission.SUBSTITUTE_NOTIFICATION_APP_NAME"/>
        <permission name="android.permission.SYSTEM_APPLICATION_OVERLAY"/>
        <permission name="android.permission.WRITE_DREAM_STATE"/>
        <permission name="android.permission.WRITE_SECURE_SETTINGS"/>
    </privapp-permissions>

    <privapp-permissions package="com.google.android.configupdater">
        <permission name="android.permission.UPDATE_CONFIG"/>
    </privapp-permissions>

    <privapp-permissions package="com.google.android.gms">
        <permission name="android.permission.ACCESS_BROADCAST_RESPONSE_STATS"/>
        <permission name="android.permission.ACCESS_CACHE_FILESYSTEM"/>
        <permission name="android.permission.ACCESS_CONTEXT_HUB"/>
        <permission name="android.permission.ACCESS_FPS_COUNTER"/>
        <permission name="android.permission.ACCESS_NETWORK_CONDITIONS"/>
        <permission name="android.permission.ACCESS_VIBRATOR_STATE"/>
        <permission name="android.permission.ACTIVITY_EMBEDDING"/>
        <permission name="android.permission.ALLOCATE_AGGRESSIVE"/>
        <permission name="android.permission.BACKUP"/>
        <permission name="android.permission.BLUETOOTH_PRIVILEGED"/>
        <permission name="android.permission.BROADCAST_CLOSE_SYSTEM_DIALOGS"/>
        <permission name="android.permission.CALL_AUDIO_INTERCEPTION"/>
        <permission name="android.permission.CALL_PRIVILEGED"/>
        <permission name="android.permission.CAPTURE_AUDIO_HOTWORD"/>
        <permission name="android.permission.CAPTURE_AUDIO_OUTPUT"/>
        <permission name="android.permission.CHANGE_COMPONENT_ENABLED_STATE"/>
        <permission name="android.permission.CHANGE_DEVICE_IDLE_TEMP_WHITELIST"/>
        <permission name="android.permission.CHECK_REMOTE_LOCKSCREEN"/>
        <permission name="android.permission.COMPANION_APPROVE_WIFI_CONNECTIONS"/>
        <permission name="android.permission.CONFIGURE_FACTORY_RESET_PROTECTION"/>
        <permission name="android.permission.CONNECTIVITY_USE_RESTRICTED_NETWORKS"/>
        <permission name="android.permission.CONTROL_DISPLAY_SATURATION"/>
        <permission name="android.permission.CONTROL_INCALL_EXPERIENCE"/>
        <permission name="android.permission.CONTROL_KEYGUARD_SECURE_NOTIFICATIONS"/>
        <permission name="android.permission.DISPATCH_PROVISIONING_MESSAGE"/>
        <permission name="android.permission.DOMAIN_VERIFICATION_AGENT"/>
        <permission name="android.permission.DUMP"/>
        <permission name="android.permission.EMERGENCY_INSTALL_PACKAGES"/>
        <permission name="android.permission.FORCE_STOP_PACKAGES"/>
        <permission name="android.permission.GET_APP_OPS_STATS"/>
        <permission name="android.permission.INSTALL_LOCATION_TIME_ZONE_PROVIDER_SERVICE"/>
        <permission name="android.permission.INTENT_FILTER_VERIFICATION_AGENT"/>
        <permission name="android.permission.INTERACT_ACROSS_USERS"/>
        <permission name="android.permission.INVOKE_CARRIER_SETUP"/>
        <permission name="android.permission.LOCAL_MAC_ADDRESS"/>
        <permission name="android.permission.LOCATION_BYPASS"/>
        <permission name="android.permission.LOCATION_HARDWARE"/>
        <permission name="android.permission.LOCK_DEVICE"/>
        <permission name="android.permission.MANAGE_FACTORY_RESET_PROTECTION"/>
        <permission name="android.permission.MANAGE_GAME_ACTIVITY"/>
        <permission name="android.permission.MANAGE_GAME_MODE"/>
        <permission name="android.permission.MANAGE_ROLLBACKS"/>
        <permission name="android.permission.MANAGE_SOUND_TRIGGER"/>
        <permission name="android.permission.MANAGE_SUBSCRIPTION_PLANS"/>
        <permission name="android.permission.MANAGE_TIME_AND_ZONE_DETECTION"/>
        <permission name="android.permission.MANAGE_USB"/>
        <permission name="android.permission.MANAGE_USERS"/>
        <permission name="android.permission.MANAGE_VOICE_KEYPHRASES"/>
        <permission name="android.permission.MANAGE_WIFI_INTERFACES"/>
        <permission name="android.permission.MANAGE_WIFI_NETWORK_SELECTION"/>
        <permission name="android.permission.MASTER_CLEAR"/>
        <permission name="android.permission.MEDIA_CONTENT_CONTROL"/>
        <permission name="android.permission.MODIFY_AUDIO_ROUTING"/>
        <permission name="android.permission.MODIFY_DAY_NIGHT_MODE"/>
        <permission name="android.permission.MODIFY_DEFAULT_AUDIO_EFFECTS"/>
        <permission name="android.permission.MODIFY_NETWORK_ACCOUNTING"/>
        <permission name="android.permission.MODIFY_PHONE_STATE"/>
        <permission name="android.permission.NOTIFY_PENDING_SYSTEM_UPDATE"/>
        <permission name="android.permission.OBSERVE_GRANT_REVOKE_PERMISSIONS"/>
        <permission name="android.permission.OVERRIDE_WIFI_CONFIG"/>
        <permission name="android.permission.PACKAGE_USAGE_STATS"/>
        <permission name="android.permission.PROVIDE_DEFAULT_ENABLED_CREDENTIAL_SERVICE"/>
        <permission name="android.permission.PROVIDE_REMOTE_CREDENTIALS"/>
        <permission name="android.permission.PROVIDE_RESOLVER_RANKER_SERVICE"/>
        <permission name="android.permission.PROVIDE_TRUST_AGENT"/>
        <permission name="android.permission.READ_DREAM_STATE"/>
        <permission name="android.permission.READ_DROPBOX_DATA"/>
        <permission name="android.permission.READ_LOGS"/>
        <permission name="android.permission.READ_NETWORK_USAGE_HISTORY"/>
        <permission name="android.permission.READ_OEM_UNLOCK_STATE"/>
        <permission name="android.permission.READ_PRIVILEGED_PHONE_STATE"/>
        <permission name="android.permission.READ_SYSTEM_GRAMMATICAL_GENDER"/>
        <permission name="android.permission.READ_WIFI_CREDENTIAL"/>
        <permission name="android.permission.REAL_GET_TASKS"/>
        <permission name="android.permission.REBOOT"/>
        <permission name="android.permission.RECEIVE_DATA_ACTIVITY_CHANGE"/>
        <permission name="android.permission.RECOVERY"/>
        <permission name="android.permission.RECOVER_KEYSTORE"/>
        <permission name="android.permission.REMOTE_DISPLAY_PROVIDER"/>
        <permission name="android.permission.RENOUNCE_PERMISSIONS"/>
        <permission name="android.permission.REQUEST_COMPANION_PROFILE_COMPUTER"/>
        <permission name="android.permission.REQUEST_COMPANION_SELF_MANAGED"/>
        <permission name="android.permission.RESET_PASSWORD"/>
        <permission name="android.permission.SCHEDULE_PRIORITIZED_ALARM"/>
        <permission name="android.permission.SCORE_NETWORKS"/>
        <permission name="android.permission.SEND_SAFETY_CENTER_UPDATE"/>
        <permission name="android.permission.SEND_SMS_NO_CONFIRMATION"/>
        <permission name="android.permission.SET_BIOMETRIC_DIALOG_ADVANCED"/>
        <permission name="android.permission.SET_LOW_POWER_STANDBY_PORTS"/>
        <permission name="android.permission.SET_TIME"/>
        <permission name="android.permission.SET_TIME_ZONE"/>
        <permission name="android.permission.START_ACTIVITIES_FROM_BACKGROUND"/>
        <permission name="android.permission.START_TASKS_FROM_RECENTS"/>
        <permission name="android.permission.STATUS_BAR"/>
        <permission name="android.permission.SUBSTITUTE_NOTIFICATION_APP_NAME"/>
        <permission name="android.permission.SUBSTITUTE_SHARE_TARGET_APP_NAME_AND_ICON"/>
        <permission name="android.permission.TETHER_PRIVILEGED"/>
        <permission name="android.permission.THREAD_NETWORK_PRIVILEGED"/>
        <permission name="android.permission.TURN_SCREEN_ON"/>
        <permission name="android.permission.UPDATE_APP_OPS_STATS"/>
        <permission name="android.permission.UPDATE_DEVICE_STATS"/>
        <permission name="android.permission.UPDATE_FONTS"/>
        <permission name="android.permission.USER_ACTIVITY"/>
        <permission name="android.permission.UWB_PRIVILEGED"/>
        <permission name="android.permission.WRITE_EMBEDDED_SUBSCRIPTIONS"/>
        <permission name="android.permission.WRITE_GSERVICES"/>
        <permission name="android.permission.WRITE_SECURE_SETTINGS"/>
        <permission name="android.permission.WRITE_VERIFICATION_STATE_E2EE_CONTACT_KEYS"/>
    </privapp-permissions>

    <privapp-permissions package="com.google.android.gms.supervision">
        <permission name="android.permission.ACCESS_NETWORK_CONDITIONS"/>
        <permission name="android.permission.CHANGE_DEVICE_IDLE_TEMP_WHITELIST"/>
        <permission name="android.permission.GET_ACCOUNTS_PRIVILEGED"/>
        <permission name="android.permission.GET_APP_OPS_STATS"/>
        <permission name="android.permission.INTERACT_ACROSS_USERS"/>
        <permission name="android.permission.MANAGE_FACTORY_RESET_PROTECTION"/>
        <permission name="android.permission.MANAGE_TIME_AND_ZONE_DETECTION"/>
        <permission name="android.permission.MANAGE_USERS"/>
        <permission name="android.permission.MASTER_CLEAR"/>
        <permission name="android.permission.OBSERVE_GRANT_REVOKE_PERMISSIONS"/>
        <permission name="android.permission.PACKAGE_USAGE_STATS"/>
        <permission name="android.permission.READ_DREAM_STATE"/>
        <permission name="android.permission.RESET_PASSWORD"/>
        <permission name="android.permission.SCHEDULE_EXACT_ALARM"/>
        <permission name="android.permission.SET_TIME"/>
        <permission name="android.permission.SET_TIME_ZONE"/>
        <permission name="android.permission.START_ACTIVITIES_FROM_BACKGROUND"/>
        <permission name="android.permission.STATUS_BAR"/>
        <permission name="android.permission.USER_ACTIVITY"/>
        <permission name="android.permission.WRITE_SECURE_SETTINGS"/>
    </privapp-permissions>

    <privapp-permissions package="com.google.android.projection.gearhead">
        <permission name="android.permission.ACTIVITY_EMBEDDING"/>
        <permission name="android.permission.BLUETOOTH_PRIVILEGED"/>
        <permission name="android.permission.CALL_PRIVILEGED"/>
        <permission name="android.permission.CHANGE_COMPONENT_ENABLED_STATE"/>
        <permission name="android.permission.COMPANION_APPROVE_WIFI_CONNECTIONS"/>
        <permission name="android.permission.CONTROL_INCALL_EXPERIENCE"/>
        <permission name="android.permission.DUMP"/>
        <permission name="android.permission.ENTER_CAR_MODE_PRIORITIZED"/>
        <permission name="android.permission.LOCAL_MAC_ADDRESS"/>
        <permission name="android.permission.LOCATION_HARDWARE"/>
        <permission name="android.permission.MANAGE_USB"/>
        <permission name="android.permission.MODIFY_AUDIO_ROUTING"/>
        <permission name="android.permission.MODIFY_DAY_NIGHT_MODE"/>
        <permission name="android.permission.READ_PRIVILEGED_PHONE_STATE"/>
        <permission name="android.permission.REQUEST_COMPANION_SELF_MANAGED"/>
        <permission name="android.permission.SCHEDULE_EXACT_ALARM"/>
        <permission name="android.permission.START_ACTIVITIES_FROM_BACKGROUND"/>
        <permission name="android.permission.UPDATE_APP_OPS_STATS"/>
    </privapp-permissions>

    <privapp-permissions package="com.google.android.googlequicksearchbox">
        <permission name="android.permission.BIND_APPWIDGET"/>
        <permission name="android.permission.CALL_PRIVILEGED"/>
        <permission name="android.permission.CAPTURE_AUDIO_HOTWORD"/>
        <permission name="android.permission.CONTROL_INCALL_EXPERIENCE"/>
        <permission name="android.permission.ENTER_CAR_MODE_PRIORITIZED"/>
        <permission name="android.permission.GLOBAL_SEARCH"/>
        <permission name="android.permission.INTERACT_ACROSS_PROFILES"/>
        <deny-permission name="android.permission.INTERACT_ACROSS_USERS"/>
        <permission name="android.permission.MANAGE_SOUND_TRIGGER"/>
        <permission name="android.permission.MANAGE_USB"/>
        <permission name="android.permission.MANAGE_VOICE_KEYPHRASES"/>
        <permission name="android.permission.MEDIA_CONTENT_CONTROL"/>
        <permission name="android.permission.PACKAGE_USAGE_STATS"/>
        <permission name="android.permission.REAL_GET_TASKS"/>
        <permission name="android.permission.RECEIVE_SANDBOX_TRIGGER_AUDIO"/>
        <permission name="android.permission.SCHEDULE_EXACT_ALARM"/>
        <permission name="android.permission.SET_MEDIA_KEY_LISTENER"/>
        <permission name="android.permission.SET_VOLUME_KEY_LONG_PRESS_LISTENER"/>
        <permission name="android.permission.SOUND_TRIGGER_RUN_IN_BATTERY_SAVER"/>
        <permission name="android.permission.START_ACTIVITIES_FROM_BACKGROUND"/>
        <permission name="android.permission.STOP_APP_SWITCHES"/>
        <permission name="android.permission.SUBSTITUTE_SHARE_TARGET_APP_NAME_AND_ICON"/>
        <permission name="android.permission.WRITE_APN_SETTINGS"/>
    </privapp-permissions>

    <privapp-permissions package="com.android.hotwordenrollment.okgoogle">
        <permission name="android.permission.KEYPHRASE_ENROLLMENT_APPLICATION"/>
        <permission name="android.permission.INTERACT_ACROSS_USERS"/>
    </privapp-permissions>

    <privapp-permissions package="com.android.hotwordenrollment.xgoogle">
        <permission name="android.permission.KEYPHRASE_ENROLLMENT_APPLICATION"/>
        <permission name="android.permission.INTERACT_ACROSS_USERS"/>
    </privapp-permissions>

    <privapp-permissions package="com.google.android.partnersetup">
        <permission name="android.permission.CHANGE_COMPONENT_ENABLED_STATE"/>
        <permission name="android.permission.CHANGE_CONFIGURATION"/>
        <permission name="android.permission.READ_PRIVILEGED_PHONE_STATE"/>
    </privapp-permissions>

    <privapp-permissions package="com.google.android.onetimeinitializer">
        <permission name="android.permission.CHANGE_COMPONENT_ENABLED_STATE"/>
    </privapp-permissions>

    <privapp-permissions package="com.google.ambient.streaming">
        <permission name="android.permission.START_FOREGROUND_SERVICES_FROM_BACKGROUND"/>
        <permission name="android.permission.REQUEST_COMPANION_SELF_MANAGED"/>
        <permission name="android.permission.CAPTURE_VOICE_COMMUNICATION_OUTPUT"/>
        <permission name="android.permission.SUBSTITUTE_NOTIFICATION_APP_NAME"/>
        <permission name="android.permission.CAPTURE_AUDIO_OUTPUT"/>
        <permission name="android.permission.BLUETOOTH_PRIVILEGED"/>
        <permission name="android.permission.START_ACTIVITIES_FROM_BACKGROUND"/>
        <permission name="android.permission.BATTERY_STATS"/>
        <permission name="android.permission.ACCESS_NOTIFICATIONS"/>
        <permission name="android.permission.FORCE_STOP_PACKAGES"/>
        <permission name="android.permission.REQUEST_COMPANION_PROFILE_APP_STREAMING"/>
        <permission name="android.permission.MODIFY_AUDIO_ROUTING"/>
        <permission name="android.permission.REAL_GET_TASKS"/>
        <permission name="android.permission.MANAGE_ACCESSIBILITY"/>
    </privapp-permissions>
</permissions>
