<?xml version="1.0" encoding="utf-8"?>
<permissions>
    <privapp-permissions package="com.android.vending">
        <permission name="android.permission.FAKE_PACKAGE_SIGNATURE" />
        <permission name="android.permission.SEND_SMS" />
        <permission name="android.permission.SEND_SMS_NO_CONFIRMATION" />
        <permission name="android.permission.GET_TASKS" />
        <permission name="android.permission.REAL_GET_TASKS" />
        <permission name="android.permission.INTERNET" />
        <permission name="android.permission.CLEAR_APP_CACHE" />
        <permission name="android.permission.CHANGE_COMPONENT_ENABLED_STATE" />
        <permission name="android.permission.READ_PRIVILEGED_PHONE_STATE" />
        <permission name="android.permission.CHANGE_NETWORK_STATE" />
        <permission name="android.permission.INSTALL_PACKAGES" />
        <permission name="android.permission.DELETE_PACKAGES" />
        <permission name="android.permission.NFC" />
        <permission name="android.permission.RECEIVE_BOOT_COMPLETED" />
        <permission name="com.android.launcher.permission.INSTALL_SHORTCUT" />
        <permission name="android.permission.STATUS_BAR" />
        <permission name="android.permission.ACCESS_WIFI_STATE" />
        <permission name="android.permission.USE_FINGERPRINT" />
        <permission name="android.permission.USE_BIOMETRIC" />
        <permission name="android.permission.GET_ACCOUNTS" />
        <permission name="android.permission.MANAGE_ACCOUNTS" />
        <permission name="android.permission.AUTHENTICATE_ACCOUNTS" />
        <permission name="android.permission.USE_CREDENTIALS" />
        <permission name="android.permission.GET_ACCOUNTS_PRIVILEGED" />
        <permission name="android.permission.INSTALL_GRANT_RUNTIME_PERMISSIONS" />
        <permission name="android.permission.GRANT_RUNTIME_PERMISSIONS" />
        <permission name="android.permission.REVOKE_RUNTIME_PERMISSIONS" />
        <permission name="android.permission.CHANGE_DEVICE_IDLE_TEMP_WHITELIST" />
        <permission name="android.permission.BATTERY_STATS" />
        <permission name="android.permission.BACKUP" />
        <permission name="android.permission.CONNECTIVITY_INTERNAL" />
        <permission name="android.permission.DUMP" />
        <permission name="android.permission.ALLOCATE_AGGRESSIVE" />
        <permission name="android.permission.GET_APP_OPS_STATS" />
        <permission name="android.permission.SET_PREFERRED_APPLICATIONS" />
        <permission name="android.permission.MANAGE_APP_OPS_MODES" />
        <permission name="android.permission.MANAGE_ROLLBACKS" />
        <permission name="android.permission.PACKAGE_VERIFICATION_AGENT" />
        <permission name="android.permission.SET_HARMFUL_APP_WARNINGS" />
        <permission name="android.permission.MANAGE_USERS" />
        <permission name="android.permission.INTERACT_ACROSS_USERS" />
        <permission name="android.permission.WRITE_SETTINGS" />
        <permission name="android.permission.WRITE_SECURE_SETTINGS" />
        <permission name="android.permission.FORCE_STOP_PACKAGES" />
        <permission name="android.permission.LOADER_USAGE_STATS" />
        <permission name="android.permission.GET_PACKAGE_SIZE" />
        <permission name="android.permission.SUBSTITUTE_NOTIFICATION_APP_NAME" />
        <permission name="android.permission.READ_RUNTIME_PROFILES" />
        <permission name="android.permission.REBOOT" />
        <permission name="android.permission.START_ACTIVITIES_FROM_BACKGROUND" />
        <permission name="android.permission.VIBRATE" />
        <permission name="android.permission.CHANGE_OVERLAY_PACKAGES" />
        <permission name="android.permission.SEND_DEVICE_CUSTOMIZATION_READY" />
        <permission name="android.permission.ACCESS_COARSE_LOCATION" />
        <permission name="com.android.permission.USE_INSTALLER_V2" />
        <permission name="android.permission.QUERY_ALL_PACKAGES" />
    </privapp-permissions>
</permissions>
